Name,Audio Link
بدر,https://lahajati.ai/storage/app/public/cloned_voices/previews/voice-audio-1747945822-5f2f53e5-236d-4450-890a-8739d5a726e2.wav
جابر,https://lahajati.ai/storage/app/public/cloned_voices/previews/voice-audio-1747945921-286f9902-5bb5-4eec-b55d-93b33dbc7d46.wav
عازم,https://lahajati.ai/storage/app/public/cloned_voices/previews/voice-audio-1747944930-b9818f24-879c-4e80-b209-4c97938b03e0.wav
فرح,https://lahajati.ai/storage/app/public/cloned_voices/previews/voice-audio-1747945134-83e7166a-7cf6-4a33-b2c2-e6c460c3f090.wav
هنادي,https://lahajati.ai/storage/app/public/cloned_voices/previews/voice-audio-1747945708-f68f0a43-de74-4e44-97e4-784f90337e40.wav
خولة,https://lahajati.ai/storage/app/public/cloned_voices/previews/voice-audio-1747946082-677a2fdc-a6a3-4a02-81cb-8c94f366b561.wav
منيرة,https://lahajati.ai/storage/app/public/cloned_voices/previews/voice-audio-1747945980-647342d8-273f-4043-8b2b-91ef56c2236f.wav
بهجت,https://lahajati.ai/storage/app/public/cloned_voices/previews/voice-audio-1747945700-ab38fece-1273-4a89-bc86-40cf2548e8c3.wav
موسى,https://lahajati.ai/storage/app/public/cloned_voices/previews/voice-audio-1747945418-bd9ec3f5-34e2-41f8-ba55-8909a65bf7c3.wav
نصير,https://lahajati.ai/storage/app/public/cloned_voices/previews/voice-audio-1747945758-9dba4b27-2e7d-4f8b-90c0-92bc86ff9c77.wav
Khadija,Not Available
Khadija v2,Not Available
رحمة,https://lahajati.ai/storage/app/public/cloned_voices/previews/voice-audio-1747938956-7f101a00-5099-4b9b-8de4-51990f4479bf.wav
نورة,https://lahajati.ai/storage/app/public/cloned_voices/previews/voice-audio-1747944437-5247ce1f-fab7-49bd-8c77-5f0150d6faaf.wav
ابتسام,https://lahajati.ai/storage/app/public/cloned_voices/previews/voice-audio-1747945178-92c171f2-0b16-4090-99bb-eee103510950.wav
ناجا,https://lahajati.ai/storage/app/public/cloned_voices/previews/voice-audio-1747944873-a164b564-e097-4839-a5d4-6e814b3c6429.wav
رعد,https://lahajati.ai/storage/app/public/cloned_voices/previews/voice-audio-1753553504-114aee98-ecb9-43ef-a380-05a79df77367.mp3
بدري,https://lahajati.ai/storage/app/public/cloned_voices/previews/voice-audio-1753559227-95089c7f-2473-4202-936a-273e3e898205.mp3
فواز,https://lahajati.ai/storage/app/public/cloned_voices/previews/voice-audio-1753645478-7f24ea23-80a9-4b00-ad01-b6c34fc739d7.mp3
يزيد,https://lahajati.ai/storage/app/public/cloned_voices/previews/voice-audio-1753753524-11d338eb-3445-4d93-a751-2710df3517bd.mp3
مروان,https://lahajati.ai/storage/app/public/cloned_voices/previews/voice-audio-1753754091-b5faefc4-b54e-4ad7-80c6-8696cb733b11.mp3
جمال,https://lahajati.ai/storage/app/public/cloned_voices/previews/voice-audio-1753754646-56622faf-faa7-41ae-bb62-8aacc24227cc.mp3
زمرد,https://lahajati.ai/storage/app/public/cloned_voices/previews/voice-audio-1755707446-2ce367c6-bf4d-4154-a4b7-fe9abbba41bb.mp3
ياسر,https://lahajati.ai/storage/app/public/cloned_voices/previews/voice-audio-1753754924-e6b4f471-0561-4e39-bd2b-e5846df42789.mp3
إدريس,https://lahajati.ai/storage/app/public/cloned_voices/previews/voice-audio-1753755383-76610c40-c6de-4a9a-8c58-742c3f0c83a4.mp3
عزام,https://lahajati.ai/storage/app/public/cloned_voices/previews/voice-audio-1753755659-f03c85d3-d7a0-42d0-99fb-4aa979e9419c.mp3
هاني,https://lahajati.ai/storage/app/public/cloned_voices/previews/voice-audio-1753756038-ad0b43d3-70e2-4072-ac2f-e7cf37ff0908.mp3
لؤي,https://lahajati.ai/storage/app/public/cloned_voices/previews/voice-audio-1753756338-897dc92b-3b29-4e33-84c2-eb3c44196c46.mp3
سليم,https://lahajati.ai/storage/app/public/cloned_voices/previews/voice-audio-1753756648-08bd60e3-9b00-4e62-ae14-754127af0d60.mp3
قحطان,https://lahajati.ai/storage/app/public/cloned_voices/previews/voice-audio-1753756915-bd2ef248-f252-45d3-8399-eb2d8609e468.mp3
بلال,https://lahajati.ai/storage/app/public/cloned_voices/previews/voice-audio-1753757202-17452dd8-04c1-4c49-bbdc-dea985afcfe9.mp3
يوسف,https://lahajati.ai/storage/app/public/cloned_voices/previews/voice-audio-1753757637-ec0dfbd1-358f-4460-ae56-56d69bd91430.mp3
مجيد,Not Available
رانية,https://lahajati.ai/storage/app/public/cloned_voices/previews/voice-audio-1753805717-5ed69d8f-e3da-4749-995f-c771dca0d5e2.mp3
صفية,https://lahajati.ai/storage/app/public/cloned_voices/previews/voice-audio-1753806273-6a42a44a-56b6-4ddd-90f8-c449453de7be.mp3
صهيب,https://lahajati.ai/storage/app/public/cloned_voices/previews/voice-audio-1753895323-6d36a8ff-50a9-4107-a608-f6f2dd7a98a2.mp3
برهان,https://lahajati.ai/storage/app/public/cloned_voices/previews/voice-audio-1753930498-6795397a-c100-4ef7-9da5-95e356ff182b.mp3
خالد,https://lahajati.ai/storage/app/public/cloned_voices/previews/voice-audio-1753930845-d48f586a-8800-4d95-9a9e-d3b1cdac9bda.mp3
جهيد,https://lahajati.ai/storage/app/public/cloned_voices/previews/voice-audio-1753980229-25de6c70-92b9-438f-b77c-71919bf47f68.mp3
شادي,https://lahajati.ai/storage/app/public/cloned_voices/previews/voice-audio-1753980532-30e01be5-862f-43cc-8b23-f2bbfb67d17f.mp3
إياد,https://lahajati.ai/storage/app/public/cloned_voices/previews/voice-audio-1753980967-cd92e4c2-6987-4d8f-a7c9-24e5c3bb1937.mp3
سفيان,https://lahajati.ai/storage/app/public/cloned_voices/previews/voice-audio-1753981346-a1b4512e-66e9-40ab-ab13-30b543fd6633.mp3
حنان,https://lahajati.ai/storage/app/public/cloned_voices/previews/voice-audio-1753981701-316ce64c-5028-4879-972a-11d17fac7057.mp3
محسن,https://lahajati.ai/storage/app/public/cloned_voices/previews/voice-audio-1753981938-de0f74cc-baf0-4068-9f6c-bca09983ce69.mp3
أيهم,https://lahajati.ai/storage/app/public/cloned_voices/previews/voice-audio-1753983003-592af357-1b14-4c5f-a2e4-6b73fb5d0790.mp3
عامر,https://lahajati.ai/storage/app/public/cloned_voices/previews/voice-audio-1753983422-f3b76fa4-7165-4feb-bc3f-d6aacff796b4.mp3
سامر,https://lahajati.ai/storage/app/public/cloned_voices/previews/voice-audio-1751215204-89ebb79a-3dd1-40ab-9eda-b56073837a54.mp3
كريم,https://lahajati.ai/storage/app/public/cloned_voices/previews/voice-audio-1751215502-5b4fe7c5-1e9a-4926-a4ad-224318ee078b.mp3
وسيم,https://lahajati.ai/storage/app/public/cloned_voices/previews/voice-audio-1751215817-248564e3-6c5f-4508-a198-b9a39e474d07.mp3
أمير,https://lahajati.ai/storage/app/public/cloned_voices/previews/voice-audio-1751216017-96b05972-80e1-4f99-9b4d-2f653814edf0.mp3
جاسم,https://lahajati.ai/storage/app/public/cloned_voices/previews/voice-audio-1751216818-798b1392-c075-4d95-9e7d-8453285bb3cd.mp3
حمزة,https://lahajati.ai/storage/app/public/cloned_voices/previews/voice-audio-1751217269-052c0cd1-292a-4db2-9b7c-50c97c175737.mp3
عمر,https://lahajati.ai/storage/app/public/cloned_voices/previews/voice-audio-1751217923-e74eea2b-c4af-4ecb-a9c7-d25d07c46f33.mp3
جميلة,https://lahajati.ai/storage/app/public/cloned_voices/previews/voice-audio-1751218241-e4547071-2309-4f35-8979-c1be0c9219a4.mp3
ناديا,https://lahajati.ai/storage/app/public/cloned_voices/previews/voice-audio-1751218818-93e870b4-fb07-464e-b986-1dc0838185e8.mp3
ثامر,https://lahajati.ai/storage/app/public/cloned_voices/previews/voice-audio-1751219819-f442ee8a-3fda-4803-856c-25847f157621.mp3
أحلام,https://lahajati.ai/storage/app/public/cloned_voices/previews/voice-audio-1751222578-62b38620-be2d-4d43-853c-dc99158f224c.mp3
غانم,https://lahajati.ai/storage/app/public/cloned_voices/previews/voice-audio-1751223215-d021e5d9-7f64-4458-b315-76d847b93e66.mp3
جلال,https://lahajati.ai/storage/app/public/cloned_voices/previews/voice-audio-1754100557-6d7e9541-4cae-49f6-ab7e-194baeb1d72e.mp3
أدهم,https://lahajati.ai/storage/app/public/cloned_voices/previews/voice-audio-1751223423-96b5af59-5adf-4ca9-953a-a93bdbc7ef19.mp3
خلود,https://lahajati.ai/storage/app/public/cloned_voices/previews/voice-audio-1754100982-72c35506-446e-45e0-8280-5e93a45935c8.mp3
أسر,https://lahajati.ai/storage/app/public/cloned_voices/previews/voice-audio-1751223789-43826183-031c-4d35-b05e-de00dd864b55.mp3
رياض,https://lahajati.ai/storage/app/public/cloned_voices/previews/voice-audio-1754101295-0c514427-735c-465d-89d4-a290a145e932.mp3
تامر,https://lahajati.ai/storage/app/public/cloned_voices/previews/voice-audio-1751224187-7ebc2576-6699-46c1-86fd-80fc090ee0f0.mp3
صالح,https://lahajati.ai/storage/app/public/cloned_voices/previews/voice-audio-1754101410-0da97d9b-8a18-4884-9e68-cf1ae1fdaf45.mp3
رافي,https://lahajati.ai/storage/app/public/cloned_voices/previews/voice-audio-1751224655-a046b58c-9bd8-490b-a39d-87f6568c4144.mp3
أنيس,https://lahajati.ai/storage/app/public/cloned_voices/previews/voice-audio-1754101653-80ff6c00-2205-4c73-b55c-eb224f9123cf.mp3
ساجي,https://lahajati.ai/storage/app/public/cloned_voices/previews/voice-audio-1751225146-f19893e7-ee48-48a1-96a1-2e81b4597a05.mp3
عادل,https://lahajati.ai/storage/app/public/cloned_voices/previews/voice-audio-1754101973-dc7f0db2-eb72-42ad-a8b1-65c5f19c8724.mp3
جمعون,https://lahajati.ai/storage/app/public/cloned_voices/previews/voice-audio-1754102498-88562a9c-3088-41cb-9f0e-527721e1fdbd.mp3
فارس,https://lahajati.ai/storage/app/public/cloned_voices/previews/voice-audio-1751244658-1c952b25-d3c7-4306-9488-823539f73a1e.wav
حميد,https://lahajati.ai/storage/app/public/cloned_voices/previews/voice-audio-1754102783-5152d9d7-7f45-4431-971e-88e46fec2f23.mp3
عنان,https://lahajati.ai/storage/app/public/cloned_voices/previews/voice-audio-1751244943-30fd3d26-bb91-4cb6-a480-335b1fbcb113.wav
خديجة,https://lahajati.ai/storage/app/public/cloned_voices/previews/voice-audio-1751246266-970dd139-b85d-4caf-88b9-09a64bc86fc4.wav
ماجد,https://lahajati.ai/storage/app/public/cloned_voices/previews/voice-audio-1751246622-66b5a0e4-3da2-4360-a014-c208d70b0889.wav
أيمن,https://lahajati.ai/storage/app/public/cloned_voices/previews/voice-audio-1751214799-b0768c76-b121-4272-9f5f-92b82bffed86.mp3
يزد,https://lahajati.ai/storage/app/public/cloned_voices/previews/voice-audio-1751246847-9693b5ce-b0c5-47a4-8098-c243da39fc6e.wav
ناصر,https://lahajati.ai/storage/app/public/cloned_voices/previews/voice-audio-1751247199-35d73e30-697c-4ba8-956c-7d4f4a0a04f0.wav
زكرياء,https://lahajati.ai/storage/app/public/cloned_voices/previews/voice-audio-1751247775-f5c2ff5a-ffcf-49c6-9bd3-824bdf926314.wav
سنان,https://lahajati.ai/storage/app/public/cloned_voices/previews/voice-audio-1751248116-a4fe55af-6159-4863-91ee-b550e505f961.wav
حمود,https://lahajati.ai/storage/app/public/cloned_voices/previews/voice-audio-1751248391-be65c5ef-b404-4720-bcf5-eae1cd401638.wav
رضوان,https://lahajati.ai/storage/app/public/cloned_voices/previews/voice-audio-1751248861-86980c88-e33d-4b13-b137-21d9a9146f7b.wav
زيد,https://lahajati.ai/storage/app/public/cloned_voices/previews/voice-audio-1751214243-519cbf98-9da0-49a3-8d52-f9e192b14637.mp3
حسناء,https://lahajati.ai/storage/app/public/cloned_voices/previews/voice-audio-1747943865-63c63449-5d0b-4777-9f79-260cbfb21532.wav
أنور,https://lahajati.ai/storage/app/public/cloned_voices/previews/voice-audio-1751249277-f6ed739e-ee86-41b5-8ea6-599b01bb0084.wav
وليد,https://lahajati.ai/storage/app/public/cloned_voices/previews/voice-audio-1747943945-6d02fd78-32a4-4664-b20a-ff523e54e507.wav
عائشة,https://lahajati.ai/storage/app/public/cloned_voices/previews/voice-audio-1747944044-15082dae-0582-4b24-a38a-08dbbbfe89fc.wav
قيس,https://lahajati.ai/storage/app/public/cloned_voices/previews/voice-audio-1751249793-0bcabe0e-4e21-4aea-8483-e2d9818e1787.wav
مهند,https://lahajati.ai/storage/app/public/cloned_voices/previews/voice-audio-1747944169-9351ca1f-091f-4431-babd-1cc7ede83742.wav
نواف,https://lahajati.ai/storage/app/public/cloned_voices/previews/voice-audio-1751250029-1ec68aae-b0f8-4295-8ca1-7dec9b1ee19f.wav
يمنى,https://lahajati.ai/storage/app/public/cloned_voices/previews/voice-audio-1747944267-af414ec3-3724-440b-8aa1-068d329b5bc5.wav
جواد,https://lahajati.ai/storage/app/public/cloned_voices/previews/voice-audio-1751250517-cf636d5e-b9ef-4cbf-8ed3-5a1c6117341e.wav
إسلام,https://lahajati.ai/storage/app/public/cloned_voices/previews/voice-audio-1751415924-76d9914b-cce3-4d31-b1b0-2ae51a778c19.wav
عارف,https://lahajati.ai/storage/app/public/cloned_voices/previews/voice-audio-1747944529-eca1b68b-de9e-44d0-bc7c-dabc593d8dc6.wav
أماني,https://lahajati.ai/storage/app/public/cloned_voices/previews/voice-audio-1751417677-8bf21714-9f41-4e35-8df2-58d29fa72b3e.wav
أكرم,https://lahajati.ai/storage/app/public/cloned_voices/previews/voice-audio-1747944595-febd9948-f257-43fa-86a5-7c4ae08d2a25.wav
آمنة,https://lahajati.ai/storage/app/public/cloned_voices/previews/voice-audio-1751415682-e7534472-59dd-4ea0-a140-5dabf3b91443.wav
أمين,https://lahajati.ai/storage/app/public/cloned_voices/previews/voice-audio-1747944673-d5b41ad4-367d-478b-b169-816b6d48474c.wav
كمال,https://lahajati.ai/storage/app/public/cloned_voices/previews/voice-audio-1751415566-345aae87-1328-4a26-9f4f-0615dcd583a7.wav
روان,https://lahajati.ai/storage/app/public/cloned_voices/previews/voice-audio-1754245250-99d90be1-795a-4305-acf5-ef208d3a8350.mp3
فهد,https://lahajati.ai/storage/app/public/cloned_voices/previews/voice-audio-1747944746-876fcf96-497f-43f8-911f-271744b6bf44.wav
بديعة,https://lahajati.ai/storage/app/public/cloned_voices/previews/voice-audio-1751415433-66882f67-60d4-4076-8564-de25ebec8ebe.wav
جليل,https://lahajati.ai/storage/app/public/cloned_voices/previews/voice-audio-1754249811-fa28c06d-9af0-418f-ae13-c30923c23f2f.mp3
بهاء,https://lahajati.ai/storage/app/public/cloned_voices/previews/voice-audio-1747944825-c9ee0c4b-af8c-4efa-9217-584b9f4ea7d5.wav
لطفي,https://lahajati.ai/storage/app/public/cloned_voices/previews/voice-audio-1751415320-7c082445-41a9-40df-9f0d-f6834e2e18c6.wav
منال,https://lahajati.ai/storage/app/public/cloned_voices/previews/voice-audio-1754250203-750e0b84-1d29-4d2d-8184-cfda20ad2129.mp3
بيسان,https://lahajati.ai/storage/app/public/cloned_voices/previews/voice-audio-1751415136-e1417d47-fd41-460c-97fa-6c9e66248e4d.wav
ماجد,https://lahajati.ai/storage/app/public/cloned_voices/previews/voice-audio-1747944988-7e4d7057-b2f4-49fd-af1a-57d07ebc7195.wav
علي,https://lahajati.ai/storage/app/public/cloned_voices/previews/voice-audio-1747945046-ad912fff-760d-4187-8028-24b32894931a.wav
أسمى,https://lahajati.ai/storage/app/public/cloned_voices/previews/voice-audio-1751414395-c7cde772-3ef7-48f8-b5e8-60ead408571a.wav
مصطفى,https://lahajati.ai/storage/app/public/cloned_voices/previews/voice-audio-1751414260-00e1244a-cd07-4f35-b50b-c3e75485213d.wav
باسم,https://lahajati.ai/storage/app/public/cloned_voices/previews/voice-audio-1747945319-25996661-50f0-4ded-8df4-8780cb4c243b.wav
منصور,https://lahajati.ai/storage/app/public/cloned_voices/previews/voice-audio-1751414139-4ec055fc-bb80-4b00-beee-81ad1aa32d0d.wav
كرم,https://lahajati.ai/storage/app/public/cloned_voices/previews/voice-audio-1747945354-f852d748-7530-4d61-a52b-6ca10d254bcd.wav
محمد,https://lahajati.ai/storage/app/public/cloned_voices/previews/voice-audio-1751412979-c411d00a-674b-40ff-a43b-c9640af2ab5e.wav
زاهر,https://lahajati.ai/storage/app/public/cloned_voices/previews/voice-audio-1751412633-5ce59b85-1939-4d42-9818-0628f5f9187a.wav
أسماء,https://lahajati.ai/storage/app/public/cloned_voices/previews/voice-audio-1747945501-686d114c-50ea-4cc2-8852-a7d6f63fa89c.wav
أجوان,https://lahajati.ai/storage/app/public/cloned_voices/previews/voice-audio-1751412047-d07b1d46-9d3c-474a-80d3-92c44e487d88.wav
زكية,https://lahajati.ai/storage/app/public/cloned_voices/previews/voice-audio-1747945566-290b94ee-0c04-4cd5-ab71-6b3563a6ba8b.wav
أحمد,https://lahajati.ai/storage/app/public/cloned_voices/previews/voice-audio-1751411844-e3c22437-0298-4b0d-a626-adc85e9e70ec.wav
معتز,https://lahajati.ai/storage/app/public/cloned_voices/previews/voice-audio-1751411129-13d7c3bc-8699-4e61-95ba-2aa1a518914f.wav
عمار,https://lahajati.ai/storage/app/public/cloned_voices/previews/voice-audio-1754408654-b75725cb-6a15-4e96-8a87-d2fdc509745e.wav
يحيى,https://lahajati.ai/storage/app/public/cloned_voices/previews/voice-audio-1754412980-6ddafedd-3df3-4f6c-8a7b-37803be5aef3.mp3
عبد الله,https://lahajati.ai/storage/app/public/cloned_voices/previews/voice-audio-1754413349-66bf2848-5100-4e3e-860f-8e5ba696c5ad.mp3
فاطمة,https://lahajati.ai/storage/app/public/cloned_voices/previews/voice-audio-1754413629-3f072c4e-ea99-416e-95a4-df7f496ca6db.mp3
جهاد,https://lahajati.ai/storage/app/public/cloned_voices/previews/voice-audio-1754443070-f32d269c-a4c5-4b60-b798-dde13a57c16a.mp3
بكر,https://lahajati.ai/storage/app/public/cloned_voices/previews/voice-audio-1754443930-65d4816b-7676-4cff-95f2-62edb0627c5c.mp3
ريان,https://lahajati.ai/storage/app/public/cloned_voices/previews/voice-audio-1754444297-ae63abe4-8666-471c-8d9e-f9f75abecaca.mp3
ريم,https://lahajati.ai/storage/app/public/cloned_voices/previews/voice-audio-1754444830-7ed424a4-131b-4137-a436-2de7ef86b958.mp3
أية,https://lahajati.ai/storage/app/public/cloned_voices/previews/voice-audio-1754445678-d9900df6-ec09-44a9-89d3-58a03f85348e.mp3
زين,https://lahajati.ai/storage/app/public/cloned_voices/previews/voice-audio-1754446096-38827ce8-50c7-48ec-914f-8c110246a3bd.mp3
بادي,https://lahajati.ai/storage/app/public/cloned_voices/previews/voice-audio-1754446389-fb45f990-b73e-469d-9547-29c5e307f9ca.mp3
حازم,https://lahajati.ai/storage/app/public/cloned_voices/previews/voice-audio-1754446698-82adf352-57d1-4b20-a53b-443024396f24.mp3
عمر,https://lahajati.ai/storage/app/public/cloned_voices/previews/voice-audio-1754446992-02758f6f-bd07-4866-a8b2-93eb59a2693f.mp3
بوجمعة,https://lahajati.ai/storage/app/public/cloned_voices/previews/voice-audio-1754448538-d3f81a08-8858-4fc1-9af0-5a3eb7a544dd.mp3
رقية,https://lahajati.ai/storage/app/public/cloned_voices/previews/voice-audio-1754449629-c1602ef2-e06d-439c-9040-c5a8d7b89b9e.mp3
حنين,https://lahajati.ai/storage/app/public/cloned_voices/previews/voice-audio-1754450120-3305cc7b-a7bf-4502-9a25-81d88ef6f28a.mp3
عزيز,https://lahajati.ai/storage/app/public/cloned_voices/previews/voice-audio-1754452360-4b9ddf7b-4942-4d62-b0b3-8651b45e0af1.mp3
ركان,https://lahajati.ai/storage/app/public/cloned_voices/previews/voice-audio-1754452984-0607667b-d813-4812-9f70-5aa48998ad8c.mp3
مروة,https://lahajati.ai/storage/app/public/cloned_voices/previews/voice-audio-1754453608-41b02597-8183-4e63-91db-4b3b60ec2ee7.wav
منير,https://lahajati.ai/storage/app/public/cloned_voices/previews/voice-audio-1754453937-7fc8025f-51aa-4d8d-8099-7af737d55b5d.wav
حسان,https://lahajati.ai/storage/app/public/cloned_voices/previews/voice-audio-1754454224-afee2b78-9574-4a13-9461-240a88b64e7c.wav
هاجر,https://lahajati.ai/storage/app/public/cloned_voices/previews/voice-audio-1751417501-2febae5e-da02-4ece-be02-e649378f059b.wav
أمجد,https://lahajati.ai/storage/app/public/cloned_voices/previews/voice-audio-1754496169-57122e8d-16c8-4308-b911-2a98670cc731.wav
هند,https://lahajati.ai/storage/app/public/cloned_voices/previews/voice-audio-1751417392-23410a0d-6151-4b78-910a-24b70f6f768a.wav
جهان,https://lahajati.ai/storage/app/public/cloned_voices/previews/voice-audio-1754496618-ec7e6a59-5fbe-437c-8502-e16ba1172de5.wav
إيمار,https://lahajati.ai/storage/app/public/cloned_voices/previews/voice-audio-1751417148-c83ddcec-9cb8-49c9-900a-8c04e3f1a402.wav
خيرة,https://lahajati.ai/storage/app/public/cloned_voices/previews/voice-audio-1754496999-9a666b7f-66bd-4c5d-8c1a-bd3614e3971a.wav
إلهام,https://lahajati.ai/storage/app/public/cloned_voices/previews/voice-audio-1751417035-5ecc2d7c-7868-4cd0-a84f-5420903feb13.wav
عاصم,https://lahajati.ai/storage/app/public/cloned_voices/previews/voice-audio-1754497506-a5ae3fff-6e43-4530-b5c8-519d1a0ad493.wav
يسرى,https://lahajati.ai/storage/app/public/cloned_voices/previews/voice-audio-1751416930-5ae4ae5a-f7d3-4aa4-ae12-5c5bfc009cce.wav
فؤاد,https://lahajati.ai/storage/app/public/cloned_voices/previews/voice-audio-1754497938-a473b703-0c79-4e35-be3e-c21ca8005002.wav
لُجين,https://lahajati.ai/storage/app/public/cloned_voices/previews/voice-audio-1751416803-78aab6ca-54bd-44d0-9680-443b9eab1620.wav
لميس,https://lahajati.ai/storage/app/public/cloned_voices/previews/voice-audio-1751416710-837257d6-942e-4fd0-b1ef-1e00e5498ba4.wav
مراد,https://lahajati.ai/storage/app/public/cloned_voices/previews/voice-audio-1754498801-6fa25385-ca1a-435b-a7ff-9a16df751053.wav
همس,https://lahajati.ai/storage/app/public/cloned_voices/previews/voice-audio-1751416594-b1bbb053-586e-4965-b6f2-a01d1428091e.wav
عاشور,https://lahajati.ai/storage/app/public/cloned_voices/previews/voice-audio-1754499451-a60da766-1d81-4a5b-a7fc-f1a09e223912.wav
منتصر,https://lahajati.ai/storage/app/public/cloned_voices/previews/voice-audio-1754499867-8a66e2e9-5595-4b6b-a37a-5009dd0ca91d.wav
جورج,https://lahajati.ai/storage/app/public/cloned_voices/previews/voice-audio-1754500143-ce4ef70f-60a0-4f80-b558-4312d4210816.wav
كلثوم,https://lahajati.ai/storage/app/public/cloned_voices/previews/voice-audio-1754500603-a84718cd-7efd-4d54-bd34-d20c67b0a251.wav
مجد,https://lahajati.ai/storage/app/public/cloned_voices/previews/voice-audio-1754595279-53f2125d-f5fb-4e3e-89b4-3dc6001f4dbc.mp3
عزون,https://lahajati.ai/storage/app/public/cloned_voices/previews/voice-audio-1754667612-69feb322-9398-4af4-938d-97eccdbfe680.mp3
عمروش,https://lahajati.ai/storage/app/public/cloned_voices/previews/voice-audio-1754672570-c4de658e-7971-4b1b-98dc-4be20588f111.mp3
فهمي,https://lahajati.ai/storage/app/public/cloned_voices/previews/voice-audio-1751687157-0594e1e1-8cd9-4cfe-ad2c-2787854b5e0b.mp3
شمس,https://lahajati.ai/storage/app/public/cloned_voices/previews/voice-audio-1754705972-f1819400-ae2e-4fd4-978c-b555266426b1.mp3
سيف,https://lahajati.ai/storage/app/public/cloned_voices/previews/voice-audio-1754707486-e7201bf2-dbf9-4c9c-8d62-f7680b71a91a.wav
زهرة,https://lahajati.ai/storage/app/public/cloned_voices/previews/voice-audio-1754708323-3dc53a47-d59a-4ca4-90a1-2e3e1512c0a1.mp3
ريمي,https://lahajati.ai/storage/app/public/cloned_voices/previews/voice-audio-1754708565-72223b63-6da8-4b3e-b9cb-a2c7e4c58af1.mp3
ضياء,https://lahajati.ai/storage/app/public/cloned_voices/previews/voice-audio-1754709727-2543b723-e40c-429b-8a66-ab8ef886fe53.mp3
عيسى,https://lahajati.ai/storage/app/public/cloned_voices/previews/voice-audio-1754968656-edddfc08-2e60-495f-a2a3-90e62e4b8e9d.mp3
فادي,https://lahajati.ai/storage/app/public/cloned_voices/previews/voice-audio-1755061599-bc85235f-e76f-45d4-861e-aaf5cc890fdb.mp3
جودي,https://lahajati.ai/storage/app/public/cloned_voices/previews/voice-audio-1755104270-bd38e86f-56b8-40d6-b3a3-b8e584353420.mp3
حسين,https://lahajati.ai/storage/app/public/cloned_voices/previews/voice-audio-1755185923-7b69efcc-d0bf-40aa-959b-82912859635a.mp3
أنفال,https://lahajati.ai/storage/app/public/cloned_voices/previews/voice-audio-1755227849-054bfb86-c5b6-438d-839f-1732939b5f2e.mp3
حيدر,https://lahajati.ai/storage/app/public/cloned_voices/previews/voice-audio-1755277612-b55dba4d-4224-40e2-b663-36e644455fdb.mp3
طاهر,https://lahajati.ai/storage/app/public/cloned_voices/previews/voice-audio-1755403172-d359ef1d-1067-479d-bfd7-65af2019087b.mp3
جعفر,Not Available
فريد,https://lahajati.ai/storage/app/public/cloned_voices/previews/voice-audio-1755533873-6343a6e1-08a8-47e6-803d-6dbcdf32fc77.mp3
