id,filename
00168,00168.mp3
00192,00192.mp3
00226,00226.mp3
00435,00435.mp3
00561,00561.mp3
00688,00688.mp3
00689,00689.mp3
00715,00715.mp3
00884,00884.mp3
00978,00978.mp3
01092,01092.mp3
01227,01227.mp3
01292,01292.mp3
01454,01454.mp3
01486,01486.mp3
01517,01517.mp3
01523,01523.mp3
01563,01563.mp3
01583,01583.mp3
01622,01622.mp3
01636,01636.mp3
01643,01643.mp3
01667,01667.mp3
01711,01711.mp3
01825,01825.mp3
01872,01872.mp3
02008,02008.mp3
02028,02028.mp3
02050,02050.mp3
02086,02086.mp3
02102,02102.mp3
02274,02274.mp3
02349,02349.mp3
02383,02383.mp3
02439,02439.mp3
02450,02450.mp3
02492,02492.mp3
02512,02512.mp3
02604,02604.mp3
